create table cliente
(CLIENTE_ID NUMBER(4) CONSTRAINT CLIENTE_CLIENTE_ID_PK PRIMARY KEY,
cliente varchar2(200) ,
RUC VARCHAR2(11),
DIRECCION  VARCHAR2(200),
departamento VARCHAR2(40));

DROP TABLE CLIENTE;

create table producto
(PRODUCTO_ID NUMBER(4) CONSTRAINT PRODUCTO_PRODUCTO_ID_PK PRIMARY KEY,
producto varchar2(70) ,
PRECIO NUMBER(8,2) ,
CANTIDAD NUMBER (7));

create table tiendas
(TIENDA_ID NUMBER(4) CONSTRAINT TIENDAS_TIENDA_ID_PK PRIMARY KEY,
ZONA VARCHAR2(20),
DIRECCION VARCHAR2 (70),
departamento varchar2(50));

CREATE TABLE DEPARTAMENTO
(DEPARTAMENTO_ID NUMBER(4) CONSTRAINT DEPA_DEPARTAMENTO_ID_PK PRIMARY KEY,
departamento varchar2(50));

CREATE TABLE EMPLEADO
(EMPLEADO_ID NUMBER(5) CONSTRAINT EMPLEADO_EMPLEADO_ID_PK PRIMARY KEY,
NOMBRE VARCHAR2(50),
apellido varchar2(50) ,
fecha_ingreso date,
SALARIO NUMBER(8,2),
comision number(2,3),
admin_dep_id number(5),
TIENDA_ID NUMBER(4) CONSTRAINT EMPLEADO_TIENDA_ID_FK REFERENCES TIENDAS(TIENDA_ID),
departamento_id number(4) constraint empleado_departamento_id_fk references  departamento(departamento_id));

create table venta
(venta_id number(4) constraint venta_venta_id_pk primary key,
tienda_id number(4) constraint venta_tienda_id_fk references tiendas(tienda_id),
EMPLEADO_ID NUMBER(5) CONSTRAINT VENTA_EMPLEADO_ID_FK REFERENCES EMPLEADO(EMPLEADO_ID),
nro_documento varchar2(9),
fecha_ingreso date,
cliente_id number(4) constraint venta_cliente_id_fk references cliente(cliente_id), 
IGV NUMBER(8,2),
TOTAL NUMBER(8,2));

SELECT * FROM VENTA

DROP TABLE VENTA;

create table detalle_venta
(detalle_id number(4) constraint detalle_venta_detalle_id_pk primary key,
venta_id number(4)  constraint detalle_venta_venta_id_fk references venta(venta_id), 
producto_id number(8),
precio number(8,2),
CANTIDAD NUMBER(5),
sub_total number(8,2));

DROP TABLE DETALLE_VENTA

SELECT * FROM VENTA;
SELECT * FROM DETALLE_VENTA;
SELECT * FROM EMPLEADO;

COMMIT

INSERT INTO detalle_venta(detalle_id,venta_id,producto_id,precio,cantidad,sub_total)VALUES('1049','1037','1001',147.56,3,442.68);
INSERT INTO detalle_venta(detalle_id,venta_id,producto_id,precio,cantidad,sub_total)VALUES('1050','1038','1002',239.37,3,718.11);
INSERT INTO detalle_venta(detalle_id,venta_id,producto_id,precio,cantidad,sub_total)VALUES('1051','1038','1003',179.25,4,717);
INSERT INTO detalle_venta(detalle_id,venta_id,producto_id,precio,cantidad,sub_total)VALUES('1052','1039','1004',2063.95,5,10319.75);
INSERT INTO detalle_venta(detalle_id,venta_id,producto_id,precio,cantidad,sub_total)VALUES('1053','1039','1005',268.88,6,1613.28);
INSERT INTO detalle_venta(detalle_id,venta_id,producto_id,precio,cantidad,sub_total)VALUES('1054','1039','1006',191.28,7,1338.96);
INSERT INTO detalle_venta(detalle_id,venta_id,producto_id,precio,cantidad,sub_total)VALUES('1055','1040','1007',215.32,2,430.64);
INSERT INTO detalle_venta(detalle_id,venta_id,producto_id,precio,cantidad,sub_total)VALUES('1056','1041','1008',843.18,3,2529.54);
INSERT INTO detalle_venta(detalle_id,venta_id,producto_id,precio,cantidad,sub_total)VALUES('1057','1041','1009',604.43,4,2417.72);
INSERT INTO detalle_venta(detalle_id,venta_id,producto_id,precio,cantidad,sub_total)VALUES('1058','1041','1010',800.37,1,800.37);
INSERT INTO detalle_venta(detalle_id,venta_id,producto_id,precio,cantidad,sub_total)VALUES('1059','1042','1011',1000,1,1000);
INSERT INTO detalle_venta(detalle_id,venta_id,producto_id,precio,cantidad,sub_total)VALUES('1060','1042','1012',366.16,2,732.32);
INSERT INTO detalle_venta(detalle_id,venta_id,producto_id,precio,cantidad,sub_total)VALUES('1061','1042','1013',400.76,3,1202.28);
INSERT INTO detalle_venta(detalle_id,venta_id,producto_id,precio,cantidad,sub_total)VALUES('1062','1043','1014',839.42,2,1678.84);
INSERT INTO detalle_venta(detalle_id,venta_id,producto_id,precio,cantidad,sub_total)VALUES('1063','1043','1015',666.16,6,3996.96);
INSERT INTO detalle_venta(detalle_id,venta_id,producto_id,precio,cantidad,sub_total)VALUES('1064','1044','1016',490.76,2,981.52);
INSERT INTO detalle_venta(detalle_id,venta_id,producto_id,precio,cantidad,sub_total)VALUES('1065','1044','1017',839.42,3,2518.26);
INSERT INTO detalle_venta(detalle_id,venta_id,producto_id,precio,cantidad,sub_total)VALUES('1066','1044','1018',991.28,5,4956.4);
INSERT INTO detalle_venta(detalle_id,venta_id,producto_id,precio,cantidad,sub_total)VALUES('1067','1045','1019',180.32,1,180.32);
INSERT INTO detalle_venta(detalle_id,venta_id,producto_id,precio,cantidad,sub_total)VALUES('1068','1046','1020',243.18,2,486.36);
INSERT INTO detalle_venta(detalle_id,venta_id,producto_id,precio,cantidad,sub_total)VALUES('1069','1046','1021',304.43,4,1217.72);
INSERT INTO detalle_venta(detalle_id,venta_id,producto_id,precio,cantidad,sub_total)VALUES('1070','1047','1022',445.37,2,890.74);
INSERT INTO detalle_venta(detalle_id,venta_id,producto_id,precio,cantidad,sub_total)VALUES('1071','1047','1023',604.43,2,1208.86);
INSERT INTO DETALLE_VENTA(DETALLE_ID,VENTA_ID,PRODUCTO_ID,PRECIO,CANTIDAD,SUB_TOTAL)VALUES('1072','1048','1024',745.37,1,745.37);

INSERT INTO venta(venta_id,tienda_id,empleado_id,nro_documento,fecha_ingreso,cliente_id,igv,total)VALUES('1037','1006','10012','100-10025','12/01/2018','1001',79.68,442.68);
INSERT INTO venta(venta_id,tienda_id,empleado_id,nro_documento,fecha_ingreso,cliente_id,igv,total)VALUES('1038','1006','10012','100-10026','22/02/2018','1004',258.32,1435.11);
INSERT INTO venta(venta_id,tienda_id,empleado_id,nro_documento,fecha_ingreso,cliente_id,igv,total)VALUES('1039','1006','10013','100-10027','30/07/2018','1007',2388.96,13271.99);
INSERT INTO venta(venta_id,tienda_id,empleado_id,nro_documento,fecha_ingreso,cliente_id,igv,total)VALUES('1040','1006','10013','100-10028','06/05/2018','1008',77.52,430.64);
INSERT INTO venta(venta_id,tienda_id,empleado_id,nro_documento,fecha_ingreso,cliente_id,igv,total)VALUES('1041','1007','10014','100-10029','20/09/2018','1016',1034.57,5747.63);
INSERT INTO venta(venta_id,tienda_id,empleado_id,nro_documento,fecha_ingreso,cliente_id,igv,total)VALUES('1042','1007','10014','100-10030','30/03/2018','1015',528.23,2934.60);
INSERT INTO venta(venta_id,tienda_id,empleado_id,nro_documento,fecha_ingreso,cliente_id,igv,total)VALUES('1043','1007','10015','100-10031','28/02/2018','1001',1021.64,5675.80);
INSERT INTO venta(venta_id,tienda_id,empleado_id,nro_documento,fecha_ingreso,cliente_id,igv,total)VALUES('1044','1007','10015','100-10032','12/07/2018','1020',1522.11,8456.18);
INSERT INTO venta(venta_id,tienda_id,empleado_id,nro_documento,fecha_ingreso,cliente_id,igv,total)VALUES('1045','1008','10016','100-10033','30/08/2018','1013',32.46,180.32);
INSERT INTO venta(venta_id,tienda_id,empleado_id,nro_documento,fecha_ingreso,cliente_id,igv,total)VALUES('1046','1008','10016','100-10034','09/03/2018','1006',306.73,1704.08);
INSERT INTO venta(venta_id,tienda_id,empleado_id,nro_documento,fecha_ingreso,cliente_id,igv,total)VALUES('1047','1008','10017','100-10035','11/01/2018','1005',377.93,2099.60);
INSERT INTO VENTA(VENTA_ID,TIENDA_ID,EMPLEADO_ID,NRO_DOCUMENTO,FECHA_INGRESO,CLIENTE_ID,IGV,TOTAL)VALUES('1048','1008','10017','100-10036','19/06/2018','1009',134.17,745.37);

INSERT INTO detalle_venta(detalle_id,venta_id,producto_id,precio,cantidad,sub_total)VALUES('1025','1025','1011',1000,2,2000);
INSERT INTO detalle_venta(detalle_id,venta_id,producto_id,precio,cantidad,sub_total)VALUES('1026','1026','1012',366.16,3,1098.48);
INSERT INTO detalle_venta(detalle_id,venta_id,producto_id,precio,cantidad,sub_total)VALUES('1027','1026','1013',400.76,2,801.52);
INSERT INTO detalle_venta(detalle_id,venta_id,producto_id,precio,cantidad,sub_total)VALUES('1028','1027','1014',839.42,6,5036.52);
INSERT INTO detalle_venta(detalle_id,venta_id,producto_id,precio,cantidad,sub_total)VALUES('1029','1027','1015',666.16,3,1998.48);
INSERT INTO detalle_venta(detalle_id,venta_id,producto_id,precio,cantidad,sub_total)VALUES('1030','1027','1016',490.76,3,1472.28);
INSERT INTO detalle_venta(detalle_id,venta_id,producto_id,precio,cantidad,sub_total)VALUES('1031','1028','1017',839.42,3,2518.26);
INSERT INTO detalle_venta(detalle_id,venta_id,producto_id,precio,cantidad,sub_total)VALUES('1032','1029','1018',991.28,1,991.28);
INSERT INTO detalle_venta(detalle_id,venta_id,producto_id,precio,cantidad,sub_total)VALUES('1033','1029','1019',180.32,3,540.96);
INSERT INTO detalle_venta(detalle_id,venta_id,producto_id,precio,cantidad,sub_total)VALUES('1034','1029','1020',243.18,2,486.36);
INSERT INTO detalle_venta(detalle_id,venta_id,producto_id,precio,cantidad,sub_total)VALUES('1035','1030','1021',304.43,3,913.29);
INSERT INTO detalle_venta(detalle_id,venta_id,producto_id,precio,cantidad,sub_total)VALUES('1036','1030','1022',445.37,3,1336.11);
INSERT INTO detalle_venta(detalle_id,venta_id,producto_id,precio,cantidad,sub_total)VALUES('1037','1030','1023',604.43,1,604.43);
INSERT INTO detalle_venta(detalle_id,venta_id,producto_id,precio,cantidad,sub_total)VALUES('1038','1031','1024',745.37,2,1490.74);
INSERT INTO detalle_venta(detalle_id,venta_id,producto_id,precio,cantidad,sub_total)VALUES('1039','1031','1025',141,2,282);
INSERT INTO detalle_venta(detalle_id,venta_id,producto_id,precio,cantidad,sub_total)VALUES('1040','1032','1026',266.16,1,266.16);
INSERT INTO detalle_venta(detalle_id,venta_id,producto_id,precio,cantidad,sub_total)VALUES('1041','1032','1027',300.88,2,601.76);
INSERT INTO detalle_venta(detalle_id,venta_id,producto_id,precio,cantidad,sub_total)VALUES('1042','1032','1028',391.28,1,391.28);
INSERT INTO detalle_venta(detalle_id,venta_id,producto_id,precio,cantidad,sub_total)VALUES('1043','1033','1029',604.43,2,1208.86);
INSERT INTO detalle_venta(detalle_id,venta_id,producto_id,precio,cantidad,sub_total)VALUES('1044','1034','1030',545.37,1,545.37);
INSERT INTO detalle_venta(detalle_id,venta_id,producto_id,precio,cantidad,sub_total)VALUES('1045','1034','1005',268.88,1,268.88);
INSERT INTO detalle_venta(detalle_id,venta_id,producto_id,precio,cantidad,sub_total)VALUES('1046','1035','1006',191.28,1,191.28);
INSERT INTO detalle_venta(detalle_id,venta_id,producto_id,precio,cantidad,sub_total)VALUES('1047','1035','1007',215.32,2,430.64);
INSERT INTO DETALLE_VENTA(DETALLE_ID,VENTA_ID,PRODUCTO_ID,PRECIO,CANTIDAD,SUB_TOTAL)VALUES('1048','1036','1008',843.18,1,843.18);


INSERT INTO venta(venta_id,tienda_id,empleado_id,nro_documento,fecha_ingreso,cliente_id,igv,total)VALUES('1025','1004','10008','100-10013','12/02/2018','1020',360.00,2000);
INSERT INTO VENTA(VENTA_ID,TIENDA_ID,EMPLEADO_ID,NRO_DOCUMENTO,FECHA_INGRESO,CLIENTE_ID,IGV,TOTAL)VALUES('1026','1004','10008','100-10014','22/03/2018','1003',342.00,1900.00);
INSERT INTO VENTA(VENTA_ID,TIENDA_ID,EMPLEADO_ID,NRO_DOCUMENTO,FECHA_INGRESO,CLIENTE_ID,IGV,TOTAL)VALUES('1027','1004','10008','100-10015','03/07/2018','1005',1531.31,8507.28);
INSERT INTO VENTA(VENTA_ID,TIENDA_ID,EMPLEADO_ID,NRO_DOCUMENTO,FECHA_INGRESO,CLIENTE_ID,IGV,TOTAL)VALUES('1028','1004','10009','100-10016','12/08/2018','1007',453.29,2518.26);
INSERT INTO VENTA(VENTA_ID,TIENDA_ID,EMPLEADO_ID,NRO_DOCUMENTO,FECHA_INGRESO,CLIENTE_ID,IGV,TOTAL)VALUES('1029','1004','10009','100-10017','20/07/2018','1010',363.35,2018.60);
INSERT INTO VENTA(VENTA_ID,TIENDA_ID,EMPLEADO_ID,NRO_DOCUMENTO,FECHA_INGRESO,CLIENTE_ID,IGV,TOTAL)VALUES('1030','1004','10009','100-10018','15/06/2018','1001',513.69,2853.83);
INSERT INTO VENTA(VENTA_ID,TIENDA_ID,EMPLEADO_ID,NRO_DOCUMENTO,FECHA_INGRESO,CLIENTE_ID,IGV,TOTAL)VALUES('1031','1005','10010','100-10019','03/01/2018','1006',319.09,1772.74);
INSERT INTO VENTA(VENTA_ID,TIENDA_ID,EMPLEADO_ID,NRO_DOCUMENTO,FECHA_INGRESO,CLIENTE_ID,IGV,TOTAL)VALUES('1032','1005','10010','100-10020','27/09/2018','1014',226.66,1259.20);
INSERT INTO venta(venta_id,tienda_id,empleado_id,nro_documento,fecha_ingreso,cliente_id,igv,total)VALUES('1033','1005','10010','100-10021','30/04/2018','1011',217.59,1208.86);
INSERT INTO VENTA(VENTA_ID,TIENDA_ID,EMPLEADO_ID,NRO_DOCUMENTO,FECHA_INGRESO,CLIENTE_ID,IGV,TOTAL)VALUES('1034','1005','10011','100-10022','12/05/2018','1006',146.57,814.25);
INSERT INTO VENTA(VENTA_ID,TIENDA_ID,EMPLEADO_ID,NRO_DOCUMENTO,FECHA_INGRESO,CLIENTE_ID,IGV,TOTAL)VALUES('1035','1005','10011','100-10023','11/03/2018','1018',111.95,621.92);
INSERT INTO VENTA(VENTA_ID,TIENDA_ID,EMPlEADO_ID,NRO_DOCUMENTO,FECHA_INGRESO,CLIENTE_ID,IGV,TOTAL)VALUES('1036','1005','10011','100-10024','19/07/2018','1017',151.77,843.18);


INSERT INTO detalle_venta(detalle_id,venta_id,producto_id,precio,cantidad,sub_total)VALUES('1001','1001','1001',147.56,2,295.12);
INSERT INTO detalle_venta(detalle_id,venta_id,producto_id,precio,cantidad,sub_total)VALUES('1002','1002','1002',239.37,3,718.11);
INSERT INTO detalle_venta(detalle_id,venta_id,producto_id,precio,cantidad,sub_total)VALUES('1003','1002','1003',179.25,5,896.25);
INSERT INTO detalle_venta(detalle_id,venta_id,producto_id,precio,cantidad,sub_total)VALUES('1004','1004','1004',2063.95,6,12383.7);
INSERT INTO detalle_venta(detalle_id,venta_id,producto_id,precio,cantidad,sub_total)VALUES('1005','1004','1005',268.88,3,806.64);
INSERT INTO detalle_venta(detalle_id,venta_id,producto_id,precio,cantidad,sub_total)VALUES('1006','1004','1006',191.28,2,382.56);
INSERT INTO detalle_venta(detalle_id,venta_id,producto_id,precio,cantidad,sub_total)VALUES('1007','1007','1007',215.32,3,645.96);
INSERT INTO detalle_venta(detalle_id,venta_id,producto_id,precio,cantidad,sub_total)VALUES('1008','1008','1008',843.18,4,3372.72);
INSERT INTO detalle_venta(detalle_id,venta_id,producto_id,precio,cantidad,sub_total)VALUES('1009','1008','1009',604.43,5,3022.15);
INSERT INTO detalle_venta(detalle_id,venta_id,producto_id,precio,cantidad,sub_total)VALUES('1010','1008','1010',800.37,4,3201.48);
INSERT INTO detalle_venta(detalle_id,venta_id,producto_id,precio,cantidad,sub_total)VALUES('1011','1011','1011',1000,3,3000);
INSERT INTO detalle_venta(detalle_id,venta_id,producto_id,precio,cantidad,sub_total)VALUES('1012','1011','1012',366.16,5,1830.8);
INSERT INTO detalle_venta(detalle_id,venta_id,producto_id,precio,cantidad,sub_total)VALUES('1013','1011','1013',400.76,6,2404.56);
INSERT INTO detalle_venta(detalle_id,venta_id,producto_id,precio,cantidad,sub_total)VALUES('1014','1014','1014',839.42,3,2518.26);
INSERT INTO detalle_venta(detalle_id,venta_id,producto_id,precio,cantidad,sub_total)VALUES('1015','1014','1015',666.16,5,3330.8);
INSERT INTO detalle_venta(detalle_id,venta_id,producto_id,precio,cantidad,sub_total)VALUES('1016','1016','1016',490.76,3,1472.28);
INSERT INTO detalle_venta(detalle_id,venta_id,producto_id,precio,cantidad,sub_total)VALUES('1017','1016','1017',839.42,2,1678.84);
INSERT INTO detalle_venta(detalle_id,venta_id,producto_id,precio,cantidad,sub_total)VALUES('1018','1016','1018',991.28,1,991.28);
INSERT INTO detalle_venta(detalle_id,venta_id,producto_id,precio,cantidad,sub_total)VALUES('1019','1019','1019',180.32,2,360.64);
INSERT INTO detalle_venta(detalle_id,venta_id,producto_id,precio,cantidad,sub_total)VALUES('1020','1020','1020',243.18,2,486.36);
INSERT INTO detalle_venta(detalle_id,venta_id,producto_id,precio,cantidad,sub_total)VALUES('1021','1020','1021',304.43,4,1217.72);
INSERT INTO detalle_venta(detalle_id,venta_id,producto_id,precio,cantidad,sub_total)VALUES('1022','1022','1022',445.37,5,2226.85);
INSERT INTO detalle_venta(detalle_id,venta_id,producto_id,precio,cantidad,sub_total)VALUES('1023','1022','1023',604.43,2,1208.86);
INSERT INTO DETALLE_VENTA(DETALLE_ID,VENTA_ID,PRODUCTO_ID,PRECIO,CANTIDAD,SUB_TOTAL)VALUES('1024','1024','1024',745.37,1,745.37);



INSERT INTO venta(venta_id,tienda_id,empleado_id,nro_documento,fecha_ingreso,cliente_id,igv,total)VALUES('1001','1001','10002','100-10001','12/01/2018','1001',53.12,295.12);
INSERT INTO VENTA(VENTA_ID,TIENDA_ID,EMPLEADO_ID,NRO_DOCUMENTO,FECHA_INGRESO,CLIENTE_ID,IGV,TOTAL)VALUES('1002','1001','10002','100-10002','22/03/2018','1003',290.58,1614.36);
INSERT INTO VENTA(VENTA_ID,TIENDA_ID,EMPLEADO_ID,NRO_DOCUMENTO,FECHA_INGRESO,CLIENTE_ID,IGV,TOTAL)VALUES('1004','1001','10002','100-10003','03/04/2018','1005',2443.12,13572.90);
INSERT INTO VENTA(VENTA_ID,TIENDA_ID,EMPLEADO_ID,NRO_DOCUMENTO,FECHA_INGRESO,CLIENTE_ID,IGV,TOTAL)VALUES('1007','1001','10002','100-10004','12/09/2018',1008,116.27,645.96);
INSERT INTO VENTA(VENTA_ID,TIENDA_ID,EMPLEADO_ID,NRO_DOCUMENTO,FECHA_INGRESO,CLIENTE_ID,IGV,TOTAL)VALUES('1008','1002','10003','100-10005','20/06/2018','1006',1727.34,9596.35);
INSERT INTO VENTA(VENTA_ID,TIENDA_ID,EMPLEADO_ID,NRO_DOCUMENTO,FECHA_INGRESO,CLIENTE_ID,IGV,TOTAL)VALUES('1011','1002','10003','100-10006','15/05/2018','1007',1302.36,7235.36);
INSERT INTO VENTA(VENTA_ID,TIENDA_ID,EMPLEADO_ID,NRO_DOCUMENTO,FECHA_INGRESO,CLIENTE_ID,IGV,TOTAL)VALUES('1014','1002','10003','100-10007','03/01/2018','1006',1052.83,5849.06);
INSERT INTO VENTA(VENTA_ID,TIENDA_ID,EMPLEADO_ID,NRO_DOCUMENTO,FECHA_INGRESO,CLIENTE_ID,IGV,TOTAL)VALUES('1016','1002','10003','100-10008','27/07/2018','1004',745.63,4142.40);
INSERT INTO VENTA(VENTA_ID,TIENDA_ID,EMPLEADO_ID,NRO_DOCUMENTO,FECHA_INGRESO,CLIENTE_ID,IGV,TOTAL)VALUES('1019','1003','10004','100-10009','30/05/2018','1001',64.92,360.64);
INSERT INTO VENTA(VENTA_ID,TIENDA_ID,EMPLEADO_ID,NRO_DOCUMENTO,FECHA_INGRESO,CLIENTE_ID,IGV,TOTAL)VALUES('1020','1003','10004','100-10010','12/06/2018','1006',306.73,1704.08);
INSERT INTO VENTA(VENTA_ID,TIENDA_ID,EMPLEADO_ID,NRO_DOCUMENTO,FECHA_INGRESO,CLIENTE_ID,IGV,TOTAL)VALUES('1022','1003','10004','100-10011','11/03/2018','1009',618.43,3435.71);
INSERT INTO venta(venta_id,tienda_id,empleado_id,nro_documento,fecha_ingreso,cliente_id,igv,total)VALUES('1024','1003','10004','100-10012','19/07/2018','1002',134.17,745.37);

SELECT * FROM VENTA;
select * from cliente order by cliente_id;


INSERT INTO EMPLEADO(EMPLEADO_ID,NOMBRE,APELLIDO,FECHA_INGRESO,SALARIO,COMISION,ADMIN_DEP_ID,TIENDA_ID,DEPARTAMENTO_ID)VALUES('10001','Luis','GARCIA','10/03/2010',7000,0.083,'10001','1001','1001');
INSERT INTO EMPLEADO(EMPLEADO_ID,NOMBRE,APELLIDO,FECHA_INGRESO,SALARIO,COMISION,ADMIN_DEP_ID,TIENDA_ID,DEPARTAMENTO_ID)VALUES('10002','Manule','GONZALEZ','11/03/2010',2300,0.05,'10001','1001','1001');
INSERT INTO EMPLEADO(EMPLEADO_ID,NOMBRE,APELLIDO,FECHA_INGRESO,SALARIO,COMISION,ADMIN_DEP_ID,TIENDA_ID,DEPARTAMENTO_ID)VALUES('10003','José','RODRIGUEZ','12/03/2010',2300,0.05,'10001','1001','1001');
INSERT INTO EMPLEADO(EMPLEADO_ID,NOMBRE,APELLIDO,FECHA_INGRESO,SALARIO,COMISION,ADMIN_DEP_ID,TIENDA_ID,DEPARTAMENTO_ID)VALUES('10004','Mariano','FERNANDEZ','13/03/2012',2200,0.05,'10001','1002','1001');
INSERT INTO empleado(empleado_id,nombre,apellido,fecha_ingreso,salario,comision,admin_dep_id,tienda_id,departamento_id)VALUES('10005','Martha','LOPEZ','14/03/2012',2200,0.05,'10001','1002','1001');
INSERT INTO EMPLEADO(EMPLEADO_ID,NOMBRE,APELLIDO,FECHA_INGRESO,SALARIO,COMISION,ADMIN_DEP_ID,TIENDA_ID,DEPARTAMENTO_ID)VALUES('10006','Mariano','MARTINEZ','15/03/2012',2200,0.05,'10001','1003','1001');
INSERT INTO EMPLEADO(EMPLEADO_ID,NOMBRE,APELLIDO,FECHA_INGRESO,SALARIO,COMISION,ADMIN_DEP_ID,TIENDA_ID,DEPARTAMENTO_ID)VALUES('10007','Marcos','SANCHEZ','16/03/2012',2200,0.06,'10001','1003','1001');
INSERT INTO empleado(empleado_id,nombre,apellido,fecha_ingreso,salario,comision,admin_dep_id,tienda_id,departamento_id)VALUES('10008','Julio','PEREZ','25/07/2008',2000,0.055,'10001','1004','1001');
INSERT INTO EMPLEADO(EMPLEADO_ID,NOMBRE,APELLIDO,FECHA_INGRESO,SALARIO,COMISION,ADMIN_DEP_ID,TIENDA_ID,DEPARTAMENTO_ID)VALUES('10009','Jorge','GOMEZ','26/07/2008',2000,0.055,'10001','1004','1001');
INSERT INTO EMPLEADO(EMPLEADO_ID,NOMBRE,APELLIDO,FECHA_INGRESO,SALARiO,COMISION,ADMIN_DEP_ID,TIENDA_ID,DEPARTAMENTO_ID)VALUES('10010','Natalia','MARTIN','27/07/2008',2000,0.055,'10001','1005','1001');
INSERT INTO EMPLEADO(EMPLEADO_ID,NOMBRE,APELLIDO,FECHA_INGRESO,SALARIO,COMISION,ADMIN_DEP_ID,TIENDA_ID,DEPARTAMENTO_ID)VALUES('10011','Mauricio','JIMENEZ','28/07/2008',2300,0.055,'10001','1005','1001');
INSERT INTO EMPLEADO(EMPLEADO_ID,NOMBRE,APELLIDO,FECHA_INGRESO,SALARIO,COMISION,ADMIN_DEP_ID,TIENDA_ID,DEPARTAMENTO_ID)VALUES('10012','Pedro','RUIZ','02/03/2015',2300,0.048,'10001','1006','1001');
INSERT INTO EMPLEADO(EMPLEADO_ID,NOMBRE,APELLIDO,FECHA_INGRESO,SALARIO,COMISION,ADMIN_DEP_ID,TIENDA_ID,DEPARTAMENTO_ID)VALUES('10013','Benito','HERNANDEZ','03/03/2015',2300,0.048,'10001','1006','1001');
INSERT INTO EMPLEADO(EMPLEADO_ID,NOMBRE,APELLIDO,FECHA_INGRESO,SALARIO,COMISION,ADMIN_DEP_ID,TIENDA_ID,DEPARTAMENTO_ID)VALUES('10014','David','DIAZ','04/03/2015',2300,0.048,'10001','1007','1001');
INSERT INTO empleado(empleado_id,nombre,apellido,fecha_ingreso,salario,comision,admin_dep_id,tienda_id,departamento_id)VALUES('10015','Noelia','MORENO','05/03/2015',2300,0.048,'10001','1007','1001');
INSERT INTO EMPLEADO(EMPLEADO_ID,NOMBRE,APELLIDO,FECHA_INGRESO,SALARIO,COMISION,ADMIN_DEP_ID,TIENDA_ID,DEPARTAMENTO_ID)VALUES('10016','Angel','MUÑOZ','06/03/2015',2300,0.048,'10001','1008','1001');
INSERT INTO EMPLEADO(EMPLEADO_ID,NOMBRE,APELLIDO,FECHA_INGRESO,SALARIO,COMISION,ADMIN_DEP_ID,TIENDA_ID,DEPARTAMENTO_ID)VALUES('10017','Ana','ALVAREZ','07/03/2015',2250,0.006,'10001','1008','1001');
INSERT INTO EMPLEADO(EMPLEADO_ID,NOMBRE,APELLIDO,FECHA_INGRESO,SALARIO,COMISION,ADMIN_DEP_ID,TIENDA_ID,DEPARTAMENTO_ID)VALUES('10018','Aria','ROMERO','15/08/2016',2300,0.006,'10001','1009','1001');
INSERT INTO EMPLEADO(EMPLEADO_ID,NOMBRE,APELLIDO,FECHA_INGRESO,SALARIO,COMISION,ADMIN_DEP_ID,TIENDA_ID,DEPARTAMENTO_ID)VALUES('10019','Carlos','ALONSO','16/08/2016',2300,0.006,'10001','1009','1001');
INSERT INTO EMPLEADO(EMPLEADO_ID,NOMBRE,APELLIDO,FECHA_INGRESO,SALARIO,COMISION,ADMIN_DEP_ID,TIENDA_ID,DEPARTAMENTO_ID)VALUES('10020','Cecilia','GUTIERREZ','17/08/2016',2250,0.057,'10001','1010','1001');
INSERT INTO empleado(empleado_id,nombre,apellido,fecha_ingreso,salario,comision,admin_dep_id,tienda_id,departamento_id)VALUES('10021','Felix','NAVARRO','18/08/2016',2250,0.057,'10001','1010','1001');
INSERT INTO EMPLEADO(EMPLEADO_ID,NOMBRE,APELLIDO,FECHA_INGRESO,SALARIO,COMISION,ADMIN_DEP_ID,TIENDA_ID,DEPARTAMENTO_ID)VALUES('10022','Fernando','TORRES','19/08/2016',2250,0.057,'10001','1011','1001');
INSERT INTO EMPLEADO(EMPLEADO_ID,NOMBRE,APELLIDO,FECHA_INGRESO,SALARiO,COMISION,ADMIN_DEP_ID,TIENDA_ID,DEPARTAMENTO_ID)VALUES('10023','Loepoldo','DOMINGUEZ','20/08/2016',2250,0.057,'10001','1011','1001');

INSERT INTO EMPLEADO(EMPLEADO_ID,NOMBRE,APELLIDO,FECHA_INGRESO,SALARIO,COMISION,ADMIN_DEP_ID,TIENDA_ID,DEPARTAMENTO_ID)VALUES('10034','MANOLITO','TORRES','19/08/2016',2250,0.057,'10001','1011','1001');
INSERT INTO EMPLEADO(EMPLEADO_ID,NOMBRE,APELLIDO,FECHA_INGRESO,SALARiO,COMISION,ADMIN_DEP_ID,TIENDA_ID,DEPARTAMENTO_ID)VALUES('10035','PEDRITO','DOMINGUEZ','20/08/2016',2250,0.057,'10001','1011','1001');

COMMIT

INSERT INTO EMPLEADO(EMPLEADO_ID,NOMBRE,APELLIDO,FECHA_INGRESO,SALARIO,COMISION,ADMIN_DEP_ID,TIENDA_ID,DEPARTAMENTO_ID)VALUES('10024','David','DIAZ','04/03/2015',2300,0.048,'10001','1012','1002');
INSERT INTO empleado(empleado_id,nombre,apellido,fecha_ingreso,salario,comision,admin_dep_id,tienda_id,departamento_id)VALUES('10025','Noelia','MORENO','05/03/2015',2300,0.048,'10001','1012','1002');
INSERT INTO EMPLEADO(EMPLEADO_ID,NOMBRE,APELLIDO,FECHA_INGRESO,SALARIO,COMISION,ADMIN_DEP_ID,TIENDA_ID,DEPARTAMENTO_ID)VALUES('10026','Angel','MUÑOZ','06/03/2015',2300,0.048,'10001','1012','1002');
INSERT INTO EMPLEADO(EMPLEADO_ID,NOMBRE,APELLIDO,FECHA_INGRESO,SALARIO,COMISION,ADMIN_DEP_ID,TIENDA_ID,DEPARTAMENTO_ID)VALUES('10027','Ana','ALVAREZ','07/03/2015',2250,0.006,'10001','1012','1002');
INSERT INTO EMPLEADO(EMPLEADO_ID,NOMBRE,APELLIDO,FECHA_INGRESO,SALARIO,COMISION,ADMIN_DEP_ID,TIENDA_ID,DEPARTAMENTO_ID)VALUES('10028','Aria','ROMERO','15/08/2016',2300,0.006,'10001','1012','1003');
INSERT INTO EMPLEADO(EMPLEADO_ID,NOMBRE,APELLIDO,FECHA_INGRESO,SALARIO,COMISION,ADMIN_DEP_ID,TIENDA_ID,DEPARTAMENTO_ID)VALUES('10029','Carlos','ALONSO','16/08/2016',2300,0.006,'10001','1012','1003');
INSERT INTO EMPLEADO(EMPLEADO_ID,NOMBRE,APELLIDO,FECHA_INGRESO,SALARIO,COMISION,ADMIN_DEP_ID,TIENDA_ID,DEPARTAMENTO_ID)VALUES('10030','Cecilia','GUTIERREZ','17/08/2016',2250,0.057,'10001','1012','1003');
INSERT INTO empleado(empleado_id,nombre,apellido,fecha_ingreso,salario,comision,admin_dep_id,tienda_id,departamento_id)VALUES('10031','Felix','NAVARRO','18/08/2016',2250,0.057,'10001','1012','1003');
INSERT INTO EMPLEADO(EMPLEADO_ID,NOMBRE,APELLIDO,FECHA_INGRESO,SALARIO,COMISION,ADMIN_DEP_ID,TIENDA_ID,DEPARTAMENTO_ID)VALUES('10032','Fernando','TORRES','19/08/2016',2250,0.057,'10001','1012','1003');
INSERT INTO EMPLEADO(EMPLEADO_ID,NOMBRE,APELLIDO,FECHA_INGRESO,SALARiO,COMISION,ADMIN_DEP_ID,TIENDA_ID,DEPARTAMENTO_ID)VALUES('10033','Loepoldo','DOMINGUEZ','20/08/2016',2250,0.057,'10001','1012','1003');



INSERT INTO departamento(departamento_id,departamento) values('1001','Ventas');
INSERT INTO departamento(departamento_id,departamento) values('1002','Compras');
INSERT INTO departamento(departamento_id,departamento) values('1003','Almacen');


INSERT INTO TIENDAS(tienda_id,zona,direccion,departamento)VALUES('1001','LIMA 01','SAN LUIS','LIMA');
INSERT INTO TIENDAS(tienda_id,zona,direccion,departamento)VALUES('1002','LIMA 02','LA VICTORIA','LIMA');
INSERT INTO TIENDAS(tienda_id,zona,direccion,departamento)VALUES('1003','LIMA 03','SAN ISIDRO','LIMA');
INSERT INTO TIENDAS(tienda_id,zona,direccion,departamento)VALUES('1004','APURIMAC 01','CEDROS','APURIMAC');
INSERT INTO TIENDAS(tienda_id,zona,direccion,departamento)VALUES('1005','APURIMAC 02','AYMARAES','APURIMAC');
INSERT INTO TIENDAS(tienda_id,zona,direccion,departamento)VALUES('1006','AREQUIPA 01','SANTA ROSA','AREQUIPA');
INSERT INTO TIENDAS(tienda_id,zona,direccion,departamento)VALUES('1007','AREQUIPA 02','SAN PEDRO','AREQUIPA');
INSERT INTO TIENDAS(tienda_id,zona,direccion,departamento)VALUES('1008','AREQUIPA 03','CAYMA','AREQUIPA');
INSERT INTO TIENDAS(tienda_id,zona,direccion,departamento)VALUES('1009','TRUJILLO 01','LAS MORAS','TRUJILLO');
INSERT INTO TIENDAS(tienda_id,zona,direccion,departamento)VALUES('1010','CUSCO 01','INCLAN','CUSCO');
INSERT INTO TIENDAS(TIENDA_ID,ZONA,DIRECCION,DEPARTAMENTO)VALUES('1011','CAJAMARCA 01','BOLOGNESI','CAJAMARCA');

INSERT INTO TIENDAS(TIENDA_ID,ZONA,DIRECCION,DEPARTAMENTO)VALUES('1012','LIMA CENTRAL','MIRAFLORES','LIMA');

SELECT * FROM TIENDAS;


INSERT INTO PRODUCTO(producto_id,producto,PRECIO,CANTIDAD)VALUES('1001','SECADOR DE CABELLO SIROCCO ION',147.56,19);
INSERT INTO PRODUCTO(producto_id,producto,PRECIO,CANTIDAD)VALUES('1002','CAFETERA EXPRESSO YELMO ',239.37,2);
INSERT INTO PRODUCTO(producto_id,producto,PRECIO,CANTIDAD)VALUES('1003','EXPRIMIDOR DE CITRICOS; CAPACIDAD 1.25 LTS.',179.25,3);
INSERT INTO PRODUCTO(producto_id,producto,PRECIO,CANTIDAD)VALUES('1004','TELEVISOR LED 55 PULGADAS 3D FULL HD SMART',2063.95,45);
INSERT INTO PRODUCTO(producto_id,producto,PRECIO,CANTIDAD)VALUES('1005','AIRE ACONDICIONADO SENSE NG 5100 FRIO CALOR',268.88,6);
INSERT INTO PRODUCTO(producto_id,producto,PRECIO,CANTIDAD)VALUES('1006','SECADOR MODELADOR PROFESIONAL  WINCO',191.28,71);
INSERT INTO PRODUCTO(producto_id,producto,PRECIO,CANTIDAD)VALUES('1007','COCINA COMPACTA DE 4 HORNALLAS ',215.32,22);
INSERT INTO PRODUCTO(producto_id,producto,PRECIO,CANTIDAD)VALUES('1008','TELEVISOR LED 40 PULGADAS - FULL HD',843.18,44);
INSERT INTO PRODUCTO(producto_id,producto,PRECIO,CANTIDAD)VALUES('1009','COCINA ENLOZADA 4 HOR. 56 CM',604.43,52);
INSERT INTO PRODUCTO(producto_id,producto,PRECIO,CANTIDAD)VALUES('1010','REFRIGERADORA CON FREEZER - COLOR PLATA - 280 LITROS',800.37,43);
INSERT INTO PRODUCTO(producto_id,producto,PRECIO,CANTIDAD)VALUES('1011','REFRIGERADORA CON FREEZER NO FROST',1000,20);
INSERT INTO PRODUCTO(producto_id,producto,PRECIO,CANTIDAD)VALUES('1012','FRIGOBAR - HELADERA HOTELERA - CAPACIDAD  65 LITROS.',366.16,33);
INSERT INTO PRODUCTO(producto_id,producto,PRECIO,CANTIDAD)VALUES('1013','AIRE ACONDICIONADO SENSE NG 8100 FRIO CALOR',400.76,21);
INSERT INTO PRODUCTO(producto_id,producto,PRECIO,CANTIDAD)VALUES('1014','CALEFACTOR TIRO BALANCEADO 2000 ',839.42,22);
INSERT INTO PRODUCTO(producto_id,producto,PRECIO,CANTIDAD)VALUES('1015','CALEFACTOR TIRO BALANCEADO 1000 ',666.16,21);
INSERT INTO PRODUCTO(producto_id,producto,PRECIO,CANTIDAD)VALUES('1016','AIRE ACONDICIONADO SENSE NG 9100 FRIO CALOR',490.76,33);
INSERT INTO PRODUCTO(producto_id,producto,PRECIO,CANTIDAD)VALUES('1017','COCINA STEEL LINE GAS ENVASADO',839.42,33);
INSERT INTO PRODUCTO(producto_id,producto,PRECIO,CANTIDAD)VALUES('1018','EXHIBIDORA Alt 1995 mm',991.28,35);
INSERT INTO PRODUCTO(producto_id,producto,PRECIO,CANTIDAD)VALUES('1019','CAFETERA EXPRESSO MAX',180.32,62);
INSERT INTO PRODUCTO(producto_id,producto,PRECIO,CANTIDAD)VALUES('1020','HORNO ELECTRICO - 60 LITROS ',243.18,23);
INSERT INTO PRODUCTO(producto_id,producto,PRECIO,CANTIDAD)VALUES('1021','HORNO ELECTRICO GRILL SPIEDO',304.43,34);
INSERT INTO PRODUCTO(producto_id,producto,PRECIO,CANTIDAD)VALUES('1022','HORNO ELECTRICO ULTRACOMB 30 LTS',445.37,21);
INSERT INTO PRODUCTO(producto_id,producto,PRECIO,CANTIDAD)VALUES('1023','ANAFE ACERO INOX MULTIGAS 4 HORNALLAS',604.43,33);
INSERT INTO PRODUCTO(producto_id,producto,PRECIO,CANTIDAD)VALUES('1024','HORNO PIZZERO 6 MOLDES',745.37,33);
INSERT INTO PRODUCTO(producto_id,producto,PRECIO,CANTIDAD)VALUES('1025','EXTRACTOR DE JUGOS MOTOR: 700 Watts',141,35);
INSERT INTO PRODUCTO(producto_id,producto,PRECIO,CANTIDAD)VALUES('1026','EXTRACTOR DE JUGOS FRUTAS ENTERAS ',266.16,62);
INSERT INTO PRODUCTO(producto_id,producto,PRECIO,CANTIDAD)VALUES('1027','AIRE ACONDICIONADO SENSE NG 6100 FRIO CALOR',300.88,33);
INSERT INTO PRODUCTO(producto_id,producto,PRECIO,CANTIDAD)VALUES('1028','EXTRACTOR DE COCINA ARIA  ACERO INOX ',391.28,33);
INSERT INTO PRODUCTO(producto_id,producto,PRECIO,CANTIDAD)VALUES('1029','EXTRACTOR DE COCINA ARIA DUO 2 MOTORES 60',604.43,35);
INSERT INTO PRODUCTO(producto_id,producto,PRECIO,CANTIDAD)VALUES('1030','TELEVISOR COLOR 21 PULGADAS - MODELO ULTRA SLIM',545.37,62);

INSERT INTO PRODUCTO(producto_id,producto,PRECIO,CANTIDAD)VALUES('1031','VENTILADOR',166.16,62);
INSERT INTO PRODUCTO(producto_id,producto,PRECIO,CANTIDAD)VALUES('1032','LAVADORA',1900.88,33);
INSERT INTO PRODUCTO(producto_id,producto,PRECIO,CANTIDAD)VALUES('1033','SECADOREA DE ROPA',1391.28,33);
INSERT INTO PRODUCTO(producto_id,producto,PRECIO,CANTIDAD)VALUES('1034','FREIDORA',604.43,35);
INSERT INTO PRODUCTO(producto_id,producto,PRECIO,CANTIDAD)VALUES('1035','TELEVISOR 75 SLIM',1545.37,62);

SELECT * FROM PRODUCTO


INSERT INTO CLIENTE(cliente_id,cliente,ruc,direccion,departamento)values(1001,'INSTITUTO LOBATO.','20100347648','JR. DE LA UNION 986', 'LIMA'); 
INSERT INTO CLIENTE(cliente_id,cliente,ruc,direccion,departamento)values(1002,'INSTITUTO SUPERIOR SAN IGNACIO DE LOYOLA S.A.','20100134455','JR. TRIUNFO 765 - 769', 'LIMA'); 
INSERT INTO CLIENTE(cliente_id,cliente,ruc,direccion,departamento)values(1003,'FUNDACION PARA EL DESARROLLO DEL AGRO','20100178070','JR. AYACUCHO 912 ', 'LIMA'); 
INSERT INTO CLIENTE(cliente_id,cliente,ruc,direccion,departamento)values(1004,'FUNDACION IGNACIA R VDA DE CANEVARO','20100266793','JR. ORTIZ ARRIETA 528 (2DO PISO) ', 'LIMA'); 
INSERT INTO CLIENTE(cliente_id,cliente,ruc,direccion,departamento)values(1005,'SOC.ITALIANA DE BENEFICENCIA Y ASIST','20100331951','JR. AYACUCHO 1048', 'LIMA'); 
INSERT INTO CLIENTE(cliente_id,cliente,ruc,direccion,departamento)values(1006,'ASOCIACION EDUCATIVA PITAGORAS','20100426669','JR. GRAU 525 ', 'LIMA'); 
INSERT INTO CLIENTE(cliente_id,cliente,ruc,direccion,departamento)values(1007,'MONASTERIO DE JESUS MARIA Y JOSE','20100479193','JR.  CUSCO 612  (A 50 MTRS DE MERCADO LA VICTORIA)- ABANCAY', 'APURIMAC'); 
INSERT INTO CLIENTE(CLIENTE_ID,CLIENTE,RUC,DIRECCION,DEPARTAMENTO)VALUES(1008,'ASOCIACION FRAY LUIS DE LEON','20100559898','AV.  DIAZ BARCENAS 529  APURIMAC - ABANCAY - ABANCAY', 'APURIMAC'); 
INSERT INTO CLIENTE(cliente_id,cliente,ruc,direccion,departamento)values(1009,'SANTA MAGDALENA SOFIA SOCIEDAD CIVIL DE RESPONSABI','20100606641','JR. LIMA 400 - CERCADO APURIMAC - ABANCAY - APURIMAC', 'APURIMAC'); 
INSERT INTO CLIENTE(cliente_id,cliente,ruc,direccion,departamento)values(1010,'INST SUP TECNOLOGICO NO EST ALMTE GRAU','20100607701','JR. UNION 110 APURIMAC - ABANCAY - ABANCAY ABANCAY  - APURIMAC', 'APURIMAC'); 
INSERT INTO CLIENTE(cliente_id,cliente,ruc,direccion,departamento)values(1011,'INST SUPERIOR TECNOL NO ESTAT EN PRO DEN','20100716152','JR.  JUAN FCO. RAMOS SN   APURIMAC  ANDAHUAYLAS', 'APURIMAC'); 
INSERT INTO CLIENTE(cliente_id,cliente,ruc,direccion,departamento)values(1012,'C E P NUESTRA SEÑORA DEL PILAR','20100754917','JR.  RAMON CASTILLA 182  - CERCADO APURIMAC - ANDAHUAYLAS', 'APURIMAC'); 
INSERT INTO CLIENTE(cliente_id,cliente,ruc,direccion,departamento)values(1013,'ASOC IGLESIA METODISTA DEL PERU','20100762341','JR.  BOLIVAR S/N  (A 20M  CARRET. PANAMERICANA)AYMARAES - COTARUSE', 'APURIMAC'); 
INSERT INTO CLIENTE(cliente_id,cliente,ruc,direccion,departamento)values(1014,'C.E.P. ABRAHAM VALDELOMAR','20100894174','AV. VICTOR A.BELAUNDE A - 01 - URB. ATLAS UMACOLLO', 'AREQUIPA'); 
INSERT INTO CLIENTE(CLIENTE_ID,CLIENTE,RUC,DIRECCION,DEPARTAMENTO)VALUES(1015,'C.E.N.E. MARIA CURIE','20100907411','CAL. SAN JUAN DE DIOS 120(GALERIAS EX-BANCO DE LA NACION) AREQUIPA', 'AREQUIPA'); 
INSERT INTO CLIENTE(cliente_id,cliente,ruc,direccion,departamento)values(1016,'CENTRO DE PSICOTERAPIA DE LIMA','20100958083','CAL. MERCADERES 212 GALERIAS GAMESA TDA 7', 'AREQUIPA'); 
INSERT INTO CLIENTE(cliente_id,cliente,ruc,direccion,departamento)values(1017,'SAN SILVESTRE SCHOOL ASOCIACION CIVIL','20101002242','CALLE FLORA TRISTÁN 103. URB FERROVIARIOS', 'AREQUIPA'); 
INSERT INTO CLIENTE(cliente_id,cliente,ruc,direccion,departamento)values(1018,'ACADEMIA SAN IGNACIO DE LOYOLA','20101002838','AV. INDEPENDENCIA 474 - URB. LA VICTORIA -', 'AREQUIPA'); 
INSERT INTO CLIENTE(cliente_id,cliente,ruc,direccion,departamento)values(1019,'CENTRO EDUCATIVO PARTICULAR LOS SIERVOS DE JESUS S','20101013520','CAL. JERUSALEN 114 AREQUIPA - AREQUIPA - AREQUIPA', 'AREQUIPA'); 
INSERT INTO CLIENTE(cliente_id,cliente,ruc,direccion,departamento)values(1020,'FUNDACION INSTITUTO HIPOLITO UNANUE','20101042031','CALLE STO. DOMINGO 306-A OFICINA 101-103 C.C. REAL', 'AREQUIPA'); 
INSERT INTO CLIENTE(cliente_id,cliente,ruc,direccion,departamento)values(1021,'ASOC PERUANA D L SOKA GAKKAI INTERN PSGI','20101063110','CAL. SANTO DOMINGO 306A 101 - C.C. REAL (TDAS.101 Y 103) AREQUIPA - AREQUIPA - AREQUIPA', 'AREQUIPA'); 
INSERT INTO CLIENTE(cliente_id,cliente,ruc,direccion,departamento)values(1022,'FUNDACION BBVA BANCO CONTINENTAL','20101098924','CAL. COLON 103 AREQUIPA - AREQUIPA - AREQUIPA', 'AREQUIPA'); 
INSERT INTO CLIENTE(cliente_id,cliente,ruc,direccion,departamento)values(1023,'FUNDACION MONTERREY','20101171516','AV. ALFONSO UGARTE 503 (1ER. PISO-ESQUINA M. GRAU PLAZA LAS AMER) AREQUIPA - AREQUIPA - CERRO COLORADO', 'AREQUIPA'); 
INSERT INTO CLIENTE(cliente_id,cliente,ruc,direccion,departamento)values(1024,'COOP.SERV.EDUC. ING CARLOS LISSON B LTDA','20101247865','- PTA VERDE MZA. B LOTE. 2 - ASOC.JOSE OLAYA (A.A.CACERES) AREQUIPA - AREQUIPA - JOSE LUIS BUSTAMANTE Y RIVERO', 'AREQUIPA'); 
INSERT INTO CLIENTE(cliente_id,cliente,ruc,direccion,departamento)values(1025,'COOP DE SERVS EDUCACIONALES STA FELICIA','20101251111','AV. ESTADOS UNIDOS 208 URB. SATELITE GRANDE (1ER. PISO) AREQUIPA - AREQUIPA - JOSE LUIS BUSTAMANTE Y RIVERO', 'AREQUIPA'); 
INSERT INTO CLIENTE(cliente_id,cliente,ruc,direccion,departamento)values(1026,'LIGA PERUANA DE LUCHA CONTRA EL CANCER','20101258476','BL. A -- 3 - C.C. JOSE OLAYA (FRENTE AL C.C. SUVAA) AREQUIPA - AREQUIPA - JOSE LUIS BUSTAMANTE Y RIVERO', 'AREQUIPA'); 
INSERT INTO CLIENTE(cliente_id,cliente,ruc,direccion,departamento)values(1027,'FUNDACION PARA EL DESARROLLO AGRARIO','20101259014','CAL. AVELINO CACERES S/N C-2 - C.C. JOSE OLAYA (POR LA PLATAFORMA DE A. A. CACERES) AREQUIPA - AREQUIPA - JOSE LUIS BUSTAMANTE Y RIVERO', 'AREQUIPA'); 
INSERT INTO CLIENTE(cliente_id,cliente,ruc,direccion,departamento)values(1028,'FUND SAN FELIPE ESCUELA DE ENFERMERAS','20101260292','CAL. ELIAS AGUIRRE 140 AREQUIPA - AREQUIPA - MIRAFLORES', 'AREQUIPA'); 
INSERT INTO CLIENTE(cliente_id,cliente,ruc,direccion,departamento)values(1029,'CAMARA DE COMERCIO DE LIMA','20101266819','CAL. CHE-GUEVARA 1216 P.J. CIUDAD BLANCA AREQUIPA - AREQUIPA - PAUCARPATA', 'AREQUIPA'); 
INSERT INTO CLIENTE(cliente_id,cliente,ruc,direccion,departamento)values(1030,'ASOCIACION PERUANO JAPONESA','20101267467','- COMITE 24 MZA. M LOTE. 8 P.J. CIUDAD BLANCA-ZONA D AREQUIPA - AREQUIPA - PAUCARPATA', 'AREQUIPA'); 
INSERT INTO CLIENTE(cliente_id,cliente,ruc,direccion,departamento)values(1031,'COOPERATIVA DE SERV. EDUC. SAN FELIPE','20101267629','JR. PIEROLA 237', 'TRUJILLO'); 
INSERT INTO CLIENTE(cliente_id,cliente,ruc,direccion,departamento)values(1032,'INSTITUTO DE ESTUDIOS PERUANOS','20101268943','JR. 28 DE JULIO 231 (FRENTE NOTARIA SOTO) ', 'TRUJILLO'); 
INSERT INTO CLIENTE(cliente_id,cliente,ruc,direccion,departamento)values(1033,'ORD FRAILES MENORES PROV SANT NOMB JESUS','20101336027','JR. 28 DE JULIO 151 ', 'TRUJILLO'); 
INSERT INTO CLIENTE(cliente_id,cliente,ruc,direccion,departamento)values(1034,'INSTITUTO AMELIO PLACENCIA','20101476384','AV. CAMANA 1120 ', 'TRUJILLO'); 
INSERT INTO CLIENTE(cliente_id,cliente,ruc,direccion,departamento)values(1035,'CONGREGACION SALESIANA DEL PERU','20101649319','AV. MARISCAL CASTILLA 310 - CERCADO ', 'TRUJILLO'); 
INSERT INTO CLIENTE(cliente_id,cliente,ruc,direccion,departamento)values(1036,'CONTROL MENTAL METODO SILVA DEL PERU S A','20101789757','AV. SAMUEL PASTOR 215 ', 'TRUJILLO'); 
INSERT INTO CLIENTE(cliente_id,cliente,ruc,direccion,departamento)values(1037,'FUNDACION ALEJANDRO BUENANO MURO','20102027109','AV. CACHIñAN -- 107A - TERMINAL TERRESTRE ', 'TRUJILLO'); 
INSERT INTO CLIENTE(cliente_id,cliente,ruc,direccion,departamento)values(1038,'CONGREGACION HERMANOS MARISTAS DEL PERU','20102125372','CAL. JOSE GALVEZ MZA. L2 LOTE. 12 ', 'TRUJILLO'); 
INSERT INTO CLIENTE(cliente_id,cliente,ruc,direccion,departamento)values(1039,'CENTRO DE EDUC GEST NO ESTATAL LA PONTIF','20102318090','MZA. M LOTE. 07 P.J. ALTO INCLAN (A COSTADO DEL MINI HOSPITAL) ', 'CUSCO'); 
INSERT INTO CLIENTE(cliente_id,cliente,ruc,direccion,departamento)values(1040,'COLEGIO DE GEST NO ESTATAL LA PONTIFICIA','20102323417','AV. TUPAC AMARU MZA. G LOTE. 1 URB. MIRAMAR', 'CUSCO'); 
INSERT INTO CLIENTE(cliente_id,cliente,ruc,direccion,departamento)values(1041,'CENTRO DE INVESTIGACION Y PROMOCION DEL CAMPESINAD','20102351119','CAR. PANAMERICANA 614 (COSTADO DE LIMA GAS -ALTO INCLAN) ', 'CUSCO'); 
INSERT INTO CLIENTE(cliente_id,cliente,ruc,direccion,departamento)values(1042,'COLEG DE GESTION NO ESTATAL SAN AGUSTIN','20102356854','CALLE COMERCIO 240', 'CUSCO'); 
INSERT INTO CLIENTE(cliente_id,cliente,ruc,direccion,departamento)values(1043,'SOCIEDAD DE AUXILIOS MUTUOS Y PROGRESO','20102394438','MZA. X LOTE. 5 URB. MIRAMAR (FTE. AL PARQUE SANTA ROSA) ', 'CUSCO'); 
INSERT INTO CLIENTE(cliente_id,cliente,ruc,direccion,departamento)values(1044,'ASOCIACION CULTURAL Y EDUC.PUNTA ARENAS','20102401744','CAL. AREQUIPA 372-374 ', 'CAJAMARCA'); 
INSERT INTO CLIENTE(cliente_id,cliente,ruc,direccion,departamento)values(1045,'INST. SUPER. PACIFICO NORTE','20102702353','MZA. H LOTE. 7 URB. LA FLORIDA', 'CAJAMARCA'); 
INSERT INTO CLIENTE(cliente_id,cliente,ruc,direccion,departamento)values(1046,'CE GESTION NO EST CUNA JARD NINO JESUCIT','20102907249','CAL. COMERCIO 389 (A UNA CUADRA DE LA PLAZA BOLOGNESI) ', 'CAJAMARCA'); 
INSERT INTO CLIENTE(cliente_id,cliente,ruc,direccion,departamento)values(1047,'COLEGIO SANTA URSULA','20102982372','CAL AREQUIPA 333', 'CAJAMARCA'); 
INSERT INTO CLIENTE(cliente_id,cliente,ruc,direccion,departamento)values(1048,'CEP INIC MATER DEI','20103084297','CAL. COMERCIO 935 (FTE. AL PODER JUDICIAL) ', 'CAJAMARCA'); 
INSERT INTO CLIENTE(cliente_id,cliente,ruc,direccion,departamento)values(1049,'ASOC CIVIL EDUC VIRGEN DEL CARMEN','20103196419','JR. DEL COMERCIO 716', 'CAJAMARCA'); 
INSERT INTO CLIENTE(CLIENTE_ID,CLIENTE,RUC,DIRECCION,DEPARTAMENTO)VALUES(1050,'ASOC CIVIL EDUCAT STO TOMAS DE AQUINO','20103211825','JR. AMALIA PUGA 847 CAJAMARCA - CAJAMARCA - CAJAMARCA', 'CAJAMARCA'); 

select * from cliente order by cliente_id;